{
	"Characters" : [
	{
		"Character":"angela",
		"ShowName": "Angela",
		"Color": "rgb(224,45,75)",
		"FontNot": "Gabriola",
		"SiteFont": "Shadows Into Light",
		"Font": "Shadows Into Light"
		
	},
	{
		"Character":"john",
		"ShowName": "John",
		"Color": "rgb(42,42,87)",
		"FontNot": "Chiller",
		"SiteFont": "Trade Winds",
		"Font": "Trade Winds"
	},
	{
		"Character":"sune",
		"ShowName": "Sune",
		"Color": "rgb(62,0,179)",
		"FontNot": "Chiller",
		"SiteFont": "Ink Free Web",
		"Font": "Ink Free"
	},
	{
		"Character":"suneasevilman",
		"ShowName": "Evil voice",
		"Color": "rgb(62,0,179)",
		"FontNot": "Chiller",
		"SiteFont": "Ink Free Web",
		"Font": "Ink Free"
	},
	{
		"Character":"suneaslessevilman",
		"ShowName": "Less evil voice",
		"Color": "rgb(65,3,182)",
		"FontNot": "Chiller",
		"SiteFont": "Ink Free Web",
		"Font": "Ink Free"
	},	
	
	{
		"Character":"carol",
		"ShowName": "Carol",
		"Color": "rgb(176,7,134)",
		"FontNot": "Chiller",
		"SiteFont": "Gloria Hallelujah",
		"Font": "Gloria Hallelujah"
	}
    ]
	
}